place_id,loc_lat,loc_lon,point_number
1,55.747022,37.787073,0
1,55.751713,37.784328,1
1,55.753878,37.777638,2
1,55.751031,37.779351,3
2,55.803885,37.458311,0
2,55.808677,37.464054,1
2,55.809763,37.461314,2
2,55.810840,37.458654,3
3,55.853767,37.376685,0
3,55.863036, 37.791419,1
3,55.620553, 37.842231,2
3,55.641530, 37.398658,3
4,55.751598, 37.308508,0
4,55.758955, 37.430044,1
4,55.705875, 37.436224,2
4,55.697344, 37.292715,3
